seq,mic
KKTKPK,-4.257670616
VKTAPK,-4.256637298
KHTAPK,-4.256562107
VHTKPK,-4.256508821
VHTAPK,-4.25594911
NPSRQERR,-4.255283715
NPSRRERR,-4.176103474
PDENK,-4.131073717
KDEKK,-4.081209904
NPRRRERR,-4.079192949
NPRRQERR,-4.079191994
FLGALIPAIAG,-2.885102708
FLGALIPAITG,-2.872768335
KKFKETADKLIESAKQQLESLAKEMK,-2.598806617
AKCLRWQWEMRKVGG,-2.592176757
TCSYTMEA,-2.523350062
YQWQRRMRKL,-2.482873584
FQWQRNMRKV,-2.477121255
LRWQNEMRKV,-2.477121255
RQWQSKIRRT,-2.477121255
GSKKPVPIIYTNRRTGKCQRM,-2.408785254
SKCYQWQRRMRKLGA,-2.401400541
GLFDKLKSLVSDF,-2.397940009
SKCRQWQWKIRRTNP,-2.340444115
GGGKKKKKRWRWRW,-2.334829225
GGGRWRWRWKKKKK,-2.334829225
SKCYQWQWRMRKLGA,-2.240549248
RKKWFW,-2.204119983
RKWLFW,-2.204119983
AKCLRWQWEMRKYGG,-2.178976947
FLFSLIPHAIGGLISAFK,-2.176091259
AKCLRWQWAMRKVGG,-2.127104798
GLLGKILGAGKKVL,-2.108167044
LRRLWLRANRL,-2.10720997
FPFSLIPHAIGGLISAIK,-2.079181246
FLGSLIGAAIPAIKQLLGLKK,-2.075546961
WLLKW,-2.030971607
WLKKW,-2.022305139
FFFFRRRR,-2.016785428
LGLFLLLLRLILKGFKL,-2.006430768
LGLFKLLLRLILKGFKL,-2.003134273
GLKITHTITVKGILGFLWVKIVAQK,-2.000634489
FIFSKLFLGLIKI,-2.000572312
WGKNLQMKSLYNNLTIGHYKRRF,-2.000464197
RLKRFKRVALRREKTARNFRSIVS,-2.000444967
VVKTGCQRRRMLPR,-2.000262396
GLFDIVKKLVSDF,-2
INWKKGKEVLKAL,-2
INWKKIASIGKEV,-2
KIASIGKEVLKAL,-2
INFLKLGKKILGAL,-2
INSLKLGKKILGAL,-2
INWKKIASIGKEVL,-2
INWLKLGKKIISAL,-2
INWLKLGKKLLSAL,-2
INWLRLGRRILGAL,-2
INWSSIFESVKNLV,-2
INWSSIFESVSNLV,-2
KKIASIGKEVLKAL,-2
SNWLKLGKKMMSAL,-2
EKCLRWQWRMRKVGG,-2
IIGHLIKTALGFLGL,-2
INWKKIASIGKEVLK,-2
KSWKKHVVSGFFLRLWVHKK,-1.998082711
LFKLLGKIIHHVGNFVHGFSHVF,-1.985458428
AKCLRWQWAMRKYGG,-1.944482672
LAKKLKEYLEKLV,-1.909938125
GLFLDTLKKFAKAGMEAVINPK,-1.903089987
KWLKKWL,-1.902532971
LIKKLKEYLKKLI,-1.894986477
AFKLLGRIIHHVGNFVYGFSHVF,-1.893322834
INWKKIASIGKEVLKA,-1.875061263
SLWETIKNAGKGFILMILDKIRCKVAGGCKT,-1.875061263
TKCFQWQWNMRKVRG,-1.86923172
INWLKLGKKMMSAI,-1.84509804
FKCRRWQWRAKKLGA,-1.84509804
WVILSKKIKRKKKENSDHQTKFSKKVKTKR,-1.840218452
GILGKLWEGFKSIV,-1.836602641
AVPDVAFNAYG,-1.834892294
INWLKLGKKILGAI,-1.829303773
WNWSRSF,-1.814039166
GFWGSLWEGVKSVV,-1.809450425
KWKLFKKI,-1.806179974
ILGKIAEGIKSLF,-1.806179974
NLLNDALGTVNGLLGS,-1.806179974
EKCLRWQWRMRKYGG,-1.799340549
FFSMIPKIAGGIASLVKNLG,-1.792604528
WKKIASIGKEVLKAL,-1.792391689
FKCRAWQWRMKKLGA,-1.785329835
FIGPIISALASLFG,-1.77815125
LFGLIPSLIGGLVSAFK,-1.761416984
RRIRRPRLPRPRVP,-1.760430383
IFGAIWKGISSLL,-1.756875075
FLSTIWNGIKSLL,-1.747910877
LLKWLLKWLLK,-1.740549058
FWGAAAKMLGKALPGLISMFQKN,-1.713183424
SWKSMAKKLKEYMEKLKQRA,-1.712053255
FVPWFSKFLPRIL,-1.698970004
FSLIPSAIGGLISA,-1.698970004
ATYRTGRATRESLSGVEISGRLYRLR,-1.698970004
SGTSEKERESGRLLGVVKRLIVCFRSPFP,-1.694405707
GVFKDALKQFGAALLDQAANALKPK,-1.690690527
GVFKDALKQFGAALLDKAANALKPK,-1.690591308
KGIVAERILKPSVRRKVNGKFRS,-1.686407581
IDWKKIFEKVKDLV,-1.67669361
PSVQGAAAQLTADVKK,-1.675319983
FVKELWDKVKKMGSAAWSAAKGAFA,-1.671978411
LAKKLAKYLKKAL,-1.633595547
INWKKLGKKILGAL,-1.633468456
KWLLKWL,-1.608064741
AGTKEWLNKAKDFIKEKGLGMLSAAANAALN,-1.602736591
FLPVIAGVLSKLF,-1.602059991
FACRRWQWRMKKLGA,-1.602059991
QRGGFTGPIPRPPPHGRPPLGPICNACYRLSFSDVRICCNFLGKCCHLVK,-1.602059991
GVITDALKGAAKTVAAELLKKAHCKLTNSC,-1.58843124
AEFLREKLGDKCTDRHV,-1.588020166
IDWLKLGKMVMDVL,-1.579783597
GPLSCGRNGGVCIPIRCPVPMRQIGTCFGRPVKCCRSW,-1.576911463
GPLSCRRNGGVCIPIRCPGPMRQIGTCFGRPVKCCRSW,-1.570918277
RKCLRWQWEMRKVGG,-1.568201724
DFASCHTNGGICLPNRCPGHMIQIGICFRPRVKCCRSW,-1.559079568
LKLLKWLLKLL,-1.558817965
VRNFVTCRINRGFCVPIRCPGHRRQIGTCLGPQIKCCR,-1.55091506
INWSSIFEKVKNLV,-1.544068044
AKCRRWQWRMKKLGA,-1.544068044
FKCARWQWRMKKLGA,-1.544068044
FKCRRWQWRMAKLGA,-1.544068044
SGISGPLSCGRNGGVCIPIRCPVPMRQIGTCFGRPVKCCRSW,-1.541934593
WSWSKSF,-1.538057501
QGVRSYLSCWGNRGICLLNRCPGRMRQIGTCLAPRVKCCR,-1.534570651
QGVRNFVTCRINRGFCVPIRCPGHRRQIGTCLAPQIKCCR,-1.532907634
VFHLLGKIIHHVGNFVYGFSHVF,-1.531238531
YPCKLNLKLGKVPFHF,-1.526439293
QRVRNPQSCRWNMGVCIPFLCRVGMRQIGTCFGPRVPCCRR,-1.510648052
QVVRNPQSCRWNMGVCIPISCPGNMRQIGTCFGPRVPCCRRW,-1.508387473
LKWLKKWLK,-1.507722666
EGVRNHVTCRINRGFCVPIRCPGRTRQIGTCFGPRIKCCRSW,-1.50595676
QGVRNHVTCRIYGGFCVPIRCPGRTRQIGTCFGRPVKCCRRW,-1.50559452
AKKFGKAFVGEIM,-1.505149978
AKRLKKLAKKIWNWK,-1.505149978
KFRTRRSKSSSNGGRKGSKG,-1.505149978
KKWLKKWLK,-1.502506481
GFWGKLWEGVKSAI,-1.500905143
AKCLRWQWRMRKVGG,-1.491361694
RKCLRWQWAMRKVGG,-1.491361694
WITLKRLGRCHPWGGHGH,-1.481654863
FFRLLFHGVHHGGGYLNAA,-1.481195641
KQATVGDINTERPGILDLKGKAKWDAWNGLKGTSKEDAMKAYINKVEELKKKYGI,-1.477121255
WLRRIGKGVKIIGGAALDHL,-1.468992936
RSTEDIIKSISGGGFLNAMNA,-1.467433636
RRIRRPRLPRPRVPRP,-1.465390979
ANFLPKIFCKITRKC,-1.448001089
FKCRRWQWAMKKLGA,-1.447158031
MGRFKRFRKKFKKLFKKLS,-1.43260273
WNWTKRF,-1.431300045
LLKWLKKWLKK,-1.430640489
GIGSAILSAGKSIIKGLAKGLAEHF,-1.414973348
AHCLAIGRK,-1.411978698
GLMSVLGHAVGNVLGGLFKS,-1.407525514
GLLPLLSLLGKLL,-1.397940009
NIWKKIFEKVKNLV,-1.397940009
AKCLRWQWRMRKYGG,-1.397940009
FKCRRWQWRMKALGA,-1.397940009
FKCRRWQWRMKKAGA,-1.397940009
SNWKKIASIGKEVLKAL,-1.397940009
KWKLFKKISKFLHLAKKF,-1.397940009
GMASKAGSVLGKLAKVAIGAL,-1.397940009
IIGLVSKGTCVLVKTVCKKVLKQG,-1.397940009
GVFKDALKQLGAALLDKAANALKPK,-1.395300847
KSGGGGWGSGGGGGGGGGWWWSGWGVDR,-1.38759799
FLGALIKGAIHGGRFIHGMIQNHH,-1.387033642
RAVIYKIPYNAIASRWIIAPKKC,-1.378895354
RRWWWR,-1.352182518
WNSNVHSYRF,-1.350286859
IGRARAITHTWGIWSRWGKVWRRS,-1.338612727
NWKKIASIGKEVLKAL,-1.322219295
KLKLLLLL,-1.321791018
ILGTILGLLKGL,-1.314951178
FKRIVQRIKDFLRNLV,-1.301029996
GIGSILGVIAKGLPTLISWIKNR,-1.301029996
RKCLRWQWEMRKYGG,-1.278753601
RRIRRPRLPRPRVPRPRIPP,-1.274166118
RRFFFRFRRF,-1.273001272
VKGSWSKKFEVIA,-1.272615061
SLWENFKNAGKKFILNILDKIRCRVAGGCRT,-1.271566135
RLKLLLRLK,-1.239375383
FLPAIVGAAGKFLPKIFCAISKKC,-1.230448921
APLKMKAILEIVHRRMKQNKMKAAF,-1.228599548
RFGRFLRKILRFLLK,-1.212120555
ILGKILEGIKSLF,-1.204119983
KFRSNGRHGSGSRLGGGSLIGRPGGGS,-1.204119983
RRGKDSGGPKMGRKNSKGGWRGRPGSGRPGFGSGI,-1.204119983
RLKLLLLRLK,-1.198700657
KLKLLLLLKLK,-1.179526453
INWKSIFEKVKNLV,-1.176091259
FKCRRWAWRMKKLGA,-1.176091259
IWNKIAKSIGKVLEKAL,-1.176091259
GLLSAVKGVLKGAGKNVAGSLMDKLKCKLFGGC,-1.176091259
GLRKRLRKFRNKIKEKLKKIGQKIQGFVPKLAPRTDY,-1.170261715
RLKLLLLLRLK,-1.161511303
TPFKISIHL,-1.152721206
FFRLLFHGVHHVGKIKPRA,-1.151092389
FFRHIKSFWKGAKAIFRGARQG,-1.150514998
IFGLLLHGAIHVGKLIHGLVRRH,-1.150514998
KKLALKALKLWLLALLKLAKLALKK,-1.146438135
EPFKISIHL,-1.141344079
LKKWLKKWLKK,-1.125238359
KKLAKALKLLALLWLKLAKALKKA,-1.115610512
RRWVIWRR,-1.115104037
RRIRRPRLPRPRVPRPRI,-1.113951084
IDWKKIFEKVKNLV,-1.113943352
VGALAGFLYWHFLRKGTKMVGK,-1.111121373
GKGRWLERIGKAGGIIIGGALDHL,-1.109310861
RGGRLCYCRRRFCICV,-1.105364848
AAGMGFFGAR,-1.103803721
FKCRRWQWR,-1.096910013
KWKLFKKIPLKKF,-1.096910013
INWKKIFEKVSNLV,-1.096910013
INWSKIFEKVKNLV,-1.096910013
WKKIPKFLHLAKKF,-1.096910013
KWKLFKKIPHLAKKF,-1.096910013
WFKKIPKFLHLAKKF,-1.096910013
KWFKKIPKFLHLAKKF,-1.096910013
KNWKKIASIGKEVLKAL,-1.096910013
KWKLFKKILKFLHLAKKF,-1.096910013
GVIKSVLKGVAKTVALGML,-1.096910013
KLLKKGGKLLKKGGKLLKKGG,-1.096910013
GYFPGRPPFPRPFPRPPSRPFPRPPFPGPFPRPYPWR,-1.096910013
GLARIVVIRVAR,-1.082670482
RLARIVVIRVAG,-1.082670482
APIIRRIPYYPEVESDLRIVDCKRSEGFCQEYCNYLETQVGYCSKKKDACCLH,-1.080210631
KGIVAERILKPCVRRKVNGKFRS,-1.079843618
FKCRRWQWRMKKLAA,-1.079181246
RKCLRWQWAMRKYGG,-1.079181246
GRFRRLRKKTRKRLKKIGKV,-1.079181246
GIWDTLKNVGKAVLGKVLENV,-1.079181246
FLGALLKIGAKLLPSVVGLFKKKQQ,-1.072692524
KKLALKALLLWLKALLKLAKLALKK,-1.053598325
RLARIVKIRVAR,-1.042500133
RLARRVVIRVAR,-1.038333468
KFFRKLKKSVKKRAK,-1.036851504
KLLKWLLKL,-1.034497794
LRQSQFVGSR,-1.025305865
RRWWRRWRRW,-1.013469232
RRWWWRWRRW,-1.013469232
INWKKIFESVKNLV,-1
RKCLRWQWRMRKVGG,-1
RKCLRWQWRMRKYGG,-1
FLGLLFHGVHHVGKWIHGLIHGHH,-0.986758211
TDHQMAQSACIGVSQDNAYASAIPRDCHGG,-0.982271233
FLFSLIPSAISGLISAFK,-0.976346239
KWKLFKKIPKFLHLA,-0.971971277
KKWWWKWKKW,-0.971971276
KWKLFKKIPLAKKF,-0.971971276
KWKLFKKIPLHLAKKF,-0.971971276
IKCKFCCGCCTPGVCGVCCRF,-0.95464427
ATPKMEQFLQKLMKRMARLKASAV,-0.954291726
INWKKIFEKVKDLV,-0.954242509
ALWLAIRKR,-0.94830196
KKLLKWLKKLL,-0.947414703
GWASKIGQTLGKIAKVGLKELIQPK,-0.945495855
RGLFKKLRRKIKKGFKK,-0.944268443
FILYGLIRFGRLLRK,-0.934737634
RRWQWRMKKL,-0.926342447
PPTQNPSMAPPTQNPYGQPMTPPTQNPYGQPMAPP,-0.924279286
AHPRIKKHLDLLMKKERHLAMKIAAP,-0.914097216
RFGRFLRKILRFLKK,-0.907782172
GLLGKILGAGKKVLCGVSGLC,-0.903750026
GLLGKILGAGKKVLLGVSGLL,-0.903741411
FLSLIPKIATGIAALAKHL,-0.903089987
RAVAVIIRLRRV,-0.888554328
RRIRPRPPRLPRPRPRPLPFPR,-0.868337395
KIWVIRWR,-0.83996583
LLKWLLKWLKK,-0.832997096
KWKLFKKIPKFLH,-0.795880018
KWKLFKKIPKFLHL,-0.795880017
WKKIPKFLHLLKKF,-0.795880017
FKLFKKIPKFLHLAKKF,-0.795880017
KWKLFKKIPFLHLAKKF,-0.795880017
KWKLFKKIPKFLHLAKK,-0.795880017
NIWKKIASIAKEVLKAL,-0.795880017
WKLFKKIPKFLHLAKKF,-0.795880017
KWKLFKKIPKFLHLAKKF,-0.795880017
RIRFPWPWRWPWWPPFRG,-0.77815125
GIKDWIKGAAKKLIKTVASNIANQ,-0.77815125
RGARIVVIRVAR,-0.767737222
ALLLAIRKR,-0.755574345
RRIRIRPPRLPRPRPRPYFMPRP,-0.753975057
AGWGSIFKHIFKAGKFIHGAIQAHND,-0.749082065
INWKKIASIGKEVLKAI,-0.740362689
RLARIVVIRVRR,-0.725003162
AGLFKKLARAIAKGFKA,-0.719294178
KKFKKTAKWLIKSAWLLLKSLALKMK,-0.712338319
DFGCARGMIFVCMRRCARMYPGSTGYCQGFRCMCDTMIPIRRPPFIMG,-0.707968672
AGLFKKLARAIKKGFKA,-0.705659601
IDWKKLLDAAKQIL,-0.698970004
IDWLKLGKMVIDAL,-0.698970004
AGLFKKLARAIKKGFKK,-0.692440082
GIGKFLKKAKKFGKAFVKILKK,-0.685045419
GKLQAFLAKMKEIAAQTL,-0.681241237
GRLQAFLAKMKEIAAQTL,-0.673481697
RGLFKKLARAIKKGFKK,-0.673452586
GLWSKIKEVGKEAAKAAAKAAGKAALGAVSEAV,-0.67342825
GWKDWLNKAKDFIKEKGPEILRAAANAAIN,-0.672753802
RRIIIRWRRI,-0.671172843
LGLFKKLLRLILKGFKL,-0.671035454
KWKLFKKIPKFLHLAK,-0.670941281
LGLFKKLLRLIKKGFKL,-0.667788254
TRRKFWKKVLNGALKIA,-0.664812328
LGLFKKLLRLIKKGFKK,-0.664565154
EKRWRRLIFNYF,-0.663020862
RGLFKKLARKIKKGFKK,-0.661164712
KKLLKWLLKLL,-0.654491749
KCWNLRGSCREKCIKNEKLYIFCTSGKLCCLKPKFQPNMLQR,-0.652333783
RRIRRPRLPRPRVPRPRIPPRI,-0.649492566
AWLLAIRKR,-0.647271965
KRRKFWKKVLKKAKKIA,-0.638396367
AHPKVKRKLKRMQRKKDGKQKRH,-0.637136177
INWKKIAEVGGKILSSL,-0.634455907
RRAAVVLIVIRR,-0.625312893
INWKKIAEIGKQVLSAL,-0.621756765
VRLWIRVAVIRA,-0.61623692
LKWLLKWLL,-0.615256846
VRLRIRVAVRRA,-0.612364736
LKWLLKWLK,-0.609912276
TRRKWWKKVLNGAIKIAPYILD,-0.602720824
KRVNWRKVGLGASYVMSWLG,-0.602443371
RWAVYAYVRVRGVLVRYRRAW,-0.60206542
AKRLKKLAKKIWKWK,-0.602059991
KWKLFKKGIGAVLKV,-0.602059991
LRRLWLRANRLLRRLWLRANRL,-0.602059991
IKFEPPLPPKKAHKKFWEDDGIYYPPNHNFP,-0.602059991
KFRTRRSKSSSNGGRKGSKGGSKGRPGSGSSIAGA,-0.602059991
KIRTRRGKDSGGPKMGRKNSKGGWRGRPGSGSRPGFGSGI,-0.602059991
RFGRFLRKILRFLRK,-0.600646191
RPFTRAQWFAIQHISPRTIAMRAINNYRWR,-0.59163019
INLKAIAALAKKLLG,-0.591487018
ILGRLRDLLRRGGRKIGQGLERIGQRIQGFFSNREPMEES,-0.591163661
ILGPILGLVSNALGGLL,-0.568201724
GLLRKGGEKIGEKLKKIGQKIKNFFQKLVPQPE,-0.56427143
ALRLAIRKR,-0.562095599
FWGAVWKILSKVLPHIPGTVKWLQEKV,-0.560568199
ALYLAIRKR,-0.559336183
ADPRVKKVLGVAMQIRKAQLMREKLNSIMRR,-0.536107727
GFWGKLFKLGLHGIGLLHLHL,-0.530750729
RIWVIRWR,-0.528540986
VDQTVFKDIWWRMKQWKQRVKKRAAKYNV,-0.524335737
GRFKRFRKKFKKLFKKLS,-0.522878745
WFKKIPKFLHLLKKF,-0.494850022
KWFKKIPKFLHLLKKF,-0.494850022
KLLKKAGKLLKKAGKLLKKAG,-0.494850022
KIKWGKIFKKGGKLIGKTALEAAANAAASEAISAMASQNE,-0.491361694
KWKLFKKGAVLKVLT,-0.477121255
WKRFHPFRVVRKIFRRRIKR,-0.458664772
GWKSVFRKAKKVGKTVGGLALDHYLG,-0.45340387
LKKLLKKLLKW,-0.452564681
LKWLKKLLKKL,-0.452564681
LLKKLLKWLKK,-0.452564681
LLKWLKKLLKK,-0.452564681
WLKKLLKKLLK,-0.452564681
MTPFWRGLSLRPIGASCRDASECLTQLCKKNRCCLQTFAD,-0.441642654
RRARIVVIRVAR,-0.436273477
RLSRIVVIRVCR,-0.434782572
KKLAKLALLKWLLALKLLALKALKK,-0.426511261
RLRRIVVIRVAR,-0.423973166
RLARIVVIRWAR,-0.423405232
PFKISIHL,-0.418309426
GIGGKPVQTAFVDNDGIYD,-0.405356604
SGRGKTGGKARAKAKTRSSRAGLQFPVGRVHRLLRKGNYAHRVGAGAPVYL,-0.397940009
ALWKNMLKGIGKLAGQAALGAVKTLVGAE,-0.389166084
RIKRFWPVVIR,-0.378777918
RFRPPIRRPPIRPPFYPPFRPPIRPPIFPPIRPPFRPPLGPFP,-0.36752554
RGLFKKLLRLIKKGFKK,-0.354428946
SKCYQWQRRMRKLGAPSITCIRRTS,-0.351552235
RGLFKKLLRKIKKGFKK,-0.351295736
RIKRFWPVVIRT,-0.349887029
KKLALALKKLALLWKKLALALKKA,-0.344392274
RWWKIWVIRWWR,-0.329923467
RPRPNYRPRPIYRP,-0.326683162
KKLAKAPKLLALLWLKLAKALKKA,-0.325310372
VRLRIRVAVIRA,-0.324282898
KRRKFWKKVLKKLKKIL,-0.320741742
KKLALKALKLWLLALKKLALLALKK,-0.316128718
VRLRIRVAVIRK,-0.307183943
INLKAIAAMAKKLL,-0.301623068
KRVNWRKVGRNTALGASYVLSFLG,-0.301360209
ILGKIWKIKKLF,-0.301029996
ILGKILKGIKKLF,-0.301029996
ILGKIWKGIKSLF,-0.301029996
KWKLFKKLKVLTTGL,-0.301029996
LAHQKPFIRKSYKCLHKRCR,-0.301029996
AEVAPAPAAAAPAKAPKKKAAAKPKKAGPS,-0.301029996
RIKRFWPVVIRTVV,-0.298268671
AKKVFKRLEKLFSKIFNFK,-0.296068796
AHPKWMEVVRSRQRKKKHNKRRATY,-0.291848769
VQLRIRVRVIRK,-0.290745053
KQFRIRVRVIRK,-0.27327127
RIKRFWPVVIRTVVAG,-0.267902765
KLFKKIGIGAVLKVLTTGLPALKLTK,-0.259396731
GWLRKLGKKIERIGQHTRDASIQVLGIAQQAANVAATAR,-0.255272505
MKTFLRLYRSLINKVLHV,-0.253414954
GWFKKAWRKVKHAGRRVLDTAKGVGRHYLNNWLNRYRG,-0.240677765
RIKRFWPVVIRTVVAGY,-0.232072011
ILGPALRIGGRIAGRIAGKLIGDAINRHRERNRQRRG,-0.230560104
RIWVIWRR,-0.22751099
RRWSFRVSYRGFSYRKSR,-0.222803273
RIKRFWPVVIRTVVAGYN,-0.20866469
ESIECRTVADCPKLISSKFVIKCIKKRCVAQFFK,-0.204794831
KKLAKLALLKWLLALKKLALLALKK,-0.196004756
RRWRIVVIRVRR,-0.176507278
GLFRRLRDSIRRGQQKILEKARRIGERIKDIFRG,-0.176091259
KKLLKKLLKWL,-0.151534686
KLLKKLLKWLK,-0.151534686
KLLKWLKKLLK,-0.151534686
KWLKKLLKKLL,-0.151534686
LKKLLKWLKKL,-0.151534686
RWGKWFKKATHVGKHVGKAALTAYL,-0.146545007
GWKKWFNRAKKVGKTVGGLAVDHYLG,-0.137209
GRRKRKWLRRIGKGVKIIGGAALDHL,-0.131414289
KKLKLALAKPALLWKALALKLKKA,-0.125481266
GFGPAFHSVSNFAKKHKTA,-0.123588605
GFGKAFHSVSNFAKKHKTA,-0.11699874
AKKVFKRLEKLFSKIYNYK,-0.114620587
RLWRIVVIRVAR,-0.114374778
KKLAKALKLLAPLWLKLAKALKKA,-0.113943352
RLRRIVVIRVRR,-0.099082267
KKLAKALKLPALLWLKLAKALKKA,-0.086359831
GWGSIFKHGRHAAKHIGHAAVNHYL,-0.081161699
GFCGYACYYRNGVRICVRYCN,-0.041402296
VRFRIRVAVIRA,-0.041013316
VRWRIRVAVIRA,-0.029521408
FIGAIARLLSKIF,-0.015078176
IKRQYKRFFKLFKWFLKK,-0.001050927
KRVNWAKVGRTALKLLPYIFG,-0.00054465
KRFRIRVRVIRK,0.007284226
KRWRIRVRVIRK,0.017580847
KKLKLALAKLALLWKALALKLKKA,0.036212173
GRFRRLRKKTRKRLKKIGKVLKWIPPIVGSIPLG,0.057991947
KKLALALKKLAPLWKKLALALKKA,0.083546051
APRKNVRWCAISLPEWSKCYQWQRRMRKLGAPSITCIRRTS,0.083681527
AALRGALRAVARVGKAILPHVAIANPYVRTPYVHNNP,0.096910013
GYCFTACRLRNGVRICYRRCN,0.124928124
GGLRSLGRKILRAWKKYGPQATPATRQ,0.124938737
KWKSFIKKLPSAAKKVTTAAKPLTK,0.141673933
KWKLFKKIGIGAVLKVLTTGLIALIS,0.147920264
SGRGKTGGKARAKAKTRSSRAGLQFPVGRVHRLLRKGNYAQRVGAGAPVY,0.15490196
GYCFTACYLRNGVRRCYRRCN,0.162716301
KWKSFIKKLPKAAKKVVTTAKKPLIV,0.169052062
KWKSFIKKLPSAAKKVVTTAKPLALIS,0.169480545
SPRVCIRVCRNGVCYRRCW,0.17608189
KWKLFKKIGIGAVLKVLTPGLPALKLTK,0.184964255
KLWKLFKKIGIGAVLKVLTTGLPALKLTK,0.201270204
KKLALALKKPALLWKKLALALKKA,0.204119983
KKLALAPKKLALLWKKLALALKKA,0.204119983
KKLKLAPAKLALLWKALALKLKKA,0.204119983
GRFRRLRKKTRKRLKKIGKVLKWIPPIVGSIPLGC,0.204119983
KWKLFKKAVLKVLTT,0.22184875
HVINLEESFQEPEYENHLA,0.22184875
GLWSKIKAAGKEAAKAAAKAAGKAALNAVSEAV,0.22184875
MNKVKEWIKYLKSLFSM,0.234651297
GWKKWLRKGAKHLGQAAIK,0.270840475
LNPLIKAGIFILKHRRPIGRGIEITGRGIKKFFSK,0.300476268
KWCIRVCRNGVCYRRCR,0.300819366
KWKLFKKVLKVLTTG,0.301029996
KWKLFKKIGIGAVLKVLT,0.301029996
KWKLFKKIEKVGQGIGAVLKVLTTGL,0.301029996
GYCFTACYLRNGVRICYRRCN,0.346776629
KKLKLALAKLAPLWKALALKLKKA,0.366531544
RVCIRVCRNGVCYRRCW,0.3802021
KWKLFKKIGIGAVLKVLTTG,0.397940009
PDPAKTAPKKGSKKAVTKA,0.431798276
RVCIRVCYRGVCYRRCW,0.477112734
KWKIFKKIEKVGRNIRNGIIKAGPAVAVLGEAKAL,0.48148606
GYCFTACYLRNGVRACYRRCN,0.505138816
AKIPIKAIKTVGKAVGKGLRAINIASTANDVFNFLKPKKRKH,0.508638306
SGRGKTGGKARAKAKTRSSRAGLQFPVGRVHRLLR,0.522878745
GWLKKIGKKIERVGQHTRDATIQGLGIAQQAANVAATAR,0.522878745
WNPFKELERAGQRVRDAIISAGPAVATVAQATALAK,0.537602002
GYCFTACYLRNGARICYRRCN,0.550895831
GYCFTACARRNGARICYRRCN,0.602048279
RVCFRVCRNGVCYRRCW,0.602050414
RSPRVCIRVCRNGVCYRRCWG,0.60205134
GLVRKGGEKFGEKLRKIGQKIKEFFQKLALEIEQ,0.602059991
KRFKKFFKKLKNSVKKRVKKFFRKPRVIGVTFPF,0.602059991
KRFKKFFKKVKKSVKKRLKKIFKKPMVIGVTIPF,0.602059991
QSEAGWLKKIGKKIERVGQHTRDATIQGLGVAQQAPNVAATAR,0.647817482
GYCFTACYLRNGRRICYRRCN,0.660040481
GYCFTACALRNGVRICYRRCN,0.66004117
KWKSFIKKLTKKFLHSAKKF,0.69794593
AATKPKKAGAEAAPKKPAKKQTKKKPAKKAGGKKKPKRAGAKKAKK,0.698970004
RFRPPIRRPPIRPPFNPPFRPPVRPPFRPPFRPPFRPPIGPFP,0.712837215
GYCFTACYRRNGARICYRRCN,0.806168209
GYCFTACYARNGVRICYRRCN,0.960574716
GYCFTACARRNGVRICYRRCN,0.960574966
KPFKKLEKVGRNIRDGIIKAGPAVAVIGQATSIARPTGK,1
IRNSLTCRFNFGICLPKRCPGRMRQIGTCF,1.065610697
GYCFTACYRRNGVRICYRRCN,1.200648455
RGCYTRCWKVGRNGRVCMRVCT,1.619612489
